icpsr,congress,committees_sw,positions,bioguide,committees_unitedstates,titles
13035,112,TAXATION;WAYS,,R000053,WAYS,
14009,113,AGRICULTURE;APPROPRIATIONS;RULES,Ranking Minority,C000567,AGRICULTURE;APPROPRIATIONS;LIBRARY;RULES,Ranking Member
14226,115,AGRICULTURE;BUDGET;FINANCE;JUDICIARY;TAXATION,Chair,G000386,AGRICULTURE;BUDGET;FINANCE;JUDICIARY;TAXATION;UNITED STATES SENATE CAUCUS ON INTERNATIONAL NARCOTICS CONTROL,Chairman
14226,114,AGRICULTURE;BUDGET;FINANCE;JUDICIARY;TAXATION,Chair,G000386,AGRICULTURE;BUDGET;FINANCE;JUDICIARY;TAXATION;UNITED STATES SENATE CAUCUS ON INTERNATIONAL NARCOTICS CONTROL,Chairman
14226,113,AGRICULTURE;BUDGET;FINANCE;JUDICIARY;TAXATION,Ranking Minority,G000386,AGRICULTURE;BUDGET;FINANCE;JUDICIARY;TAXATION;UNITED STATES SENATE CAUCUS ON INTERNATIONAL NARCOTICS CONTROL,Ranking Member
14226,112,AGRICULTURE;BUDGET;FINANCE;JUDICIARY;TAXATION,Ranking Minority,G000386,AGRICULTURE;BUDGET;FINANCE;JUDICIARY;TAXATION;UNITED STATES SENATE CAUCUS ON INTERNATIONAL NARCOTICS CONTROL,Ranking Member
14307,115,AGRICULTURE;APPROPRIATIONS;JUDICIARY;RULES,,L000174,AGRICULTURE;APPROPRIATIONS;JUDICIARY;LIBRARY;RULES,Ranking Member
14647,112,HOMELAND SECURITY;HOUSE ADMINISTRATION;JUDICIARY;LIBRARY;PRINTING,Chair,L000517,HOMELAND SECURITY;HOUSE ADMINISTRATION;JUDICIARY,Chair
14651,113,AGING;ARMED SERVICES;BUDGET;COMMERCE;FINANCE,Chair,N000032,AGING;ARMED SERVICES;BUDGET;COMMERCE;FINANCE;INTELLIGENCE,Chairman
14657,115,FOREIGN;JUDICIARY,,S000244,FOREIGN;JUDICIARY;SCIENCE,
14709,112,ARMED SERVICES;HOMELAND SECURITY;SMALL BUSINESS,Chair,L000261,ARMED SERVICES;HOMELAND SECURITY;INTELLIGENCE;SMALL BUSINESS,Ex Officio;Chairman
14806,113,APPROPRIATIONS;COMMERCE;ECONOMIC;INTELLIGENCE,Ranking Minority,C000542,APPROPRIATIONS;COMMERCE;ECONOMIC;ENERGY;INTELLIGENCE,
14852,115,AGRICULTURE;ETHICS;FINANCE;HEALTH;RULES,Chair,R000307,AGRICULTURE;ETHICS;FINANCE;HEALTH;LIBRARY;PRINTING;RULES,Chairman
14858,115,MINORITY LEADER;RULES,,S000148,BANKING;FINANCE;INTELLIGENCE;JUDICIARY;LIBRARY;PRINTING;RULES;UNITED STATES SENATE CAUCUS ON INTERNATIONAL NARCOTICS CONTROL,Ranking Member;Ex Officio
14858,114,BANKING;FINANCE;JUDICIARY;LIBRARY;PRINTING;RULES,Ranking Minority,S000148,BANKING;FINANCE;JUDICIARY;LIBRARY;PRINTING;RULES;UNITED STATES SENATE CAUCUS ON INTERNATIONAL NARCOTICS CONTROL,Ranking Member
14858,113,BANKING;FINANCE;JUDICIARY;LIBRARY;PRINTING;RULES,Chair,S000148,BANKING;FINANCE;JUDICIARY;LIBRARY;PRINTING;RULES;UNITED STATES SENATE CAUCUS ON INTERNATIONAL NARCOTICS CONTROL,Chairman;Vice Chairman
14858,112,BANKING;FINANCE;JUDICIARY;LIBRARY;PRINTING;RULES,Chair,S000148,BANKING;FINANCE;JUDICIARY;LIBRARY;PRINTING;RULES;UNITED STATES SENATE CAUCUS ON INTERNATIONAL NARCOTICS CONTROL,Chairman;Vice Chairman
14863,115,FOREIGN,,S000522,COMMISSION ON SECURITY;FOREIGN,Co-Chairman
14863,114,FOREIGN,,S000522,COMMISSION ON SECURITY;FOREIGN,Co-Chairman
14863,113,FOREIGN,,S000522,COMMISSION ON SECURITY;FOREIGN,Co-Chairman
14921,115,AGRICULTURE;APPROPRIATIONS;MAJORITY LEADER;RULES,,M000355,AGRICULTURE;APPROPRIATIONS;INTELLIGENCE;RULES,Ex Officio
14921,114,AGRICULTURE;APPROPRIATIONS;MAJORITY LEADER;RULES,,M000355,AGRICULTURE;APPROPRIATIONS;INTELLIGENCE;RULES,Ex Officio
14921,113,AGRICULTURE;APPROPRIATIONS;MINORITY LEADER;RULES,,M000355,AGRICULTURE;APPROPRIATIONS;INTELLIGENCE;RULES,Ex Officio
14921,112,AGRICULTURE;APPROPRIATIONS;MINORITY LEADER;RULES,,M000355,AGRICULTURE;APPROPRIATIONS;INTELLIGENCE;RULES,Ex Officio
15021,115,APPROPRIATIONS;JUDICIARY;MINORITY WHIP;RULES,,D000563,APPROPRIATIONS;JUDICIARY;RULES,
15021,114,APPROPRIATIONS;JUDICIARY;MINORITY WHIP;RULES,,D000563,APPROPRIATIONS;JUDICIARY;LIBRARY;RULES,
15021,113,APPROPRIATIONS;FOREIGN RELATIONS;JUDICIARY;LIBRARY;MAJORITY WHIP;RULES,,D000563,APPROPRIATIONS;FOREIGN RELATIONS;JUDICIARY;LIBRARY;RULES,
15021,112,APPROPRIATIONS;FOREIGN RELATIONS;JUDICIARY;LIBRARY;MAJORITY WHIP;RULES,,D000563,APPROPRIATIONS;FOREIGN RELATIONS;JUDICIARY;LIBRARY;RULES,
15029,113,APPROPRIATIONS,,K000009,APPROPRIATIONS;BUDGET,
15033,115,WAYS,,L000263,TAXATION;WAYS,Ranking Member
15033,112,TAXATION;WAYS,Ranking Minority,L000263,WAYS,Ranking Member
15039,115,ARMED SERVICES;HOMELAND SECURITY;INDIAN,Chair,M000303,ARMED SERVICES;HOMELAND SECURITY;INDIAN;INTELLIGENCE,Ex Officio;Chairman
15039,114,ARMED SERVICES;HOMELAND SECURITY;INDIAN,Chair,M000303,ARMED SERVICES;HOMELAND SECURITY;INDIAN;INTELLIGENCE,Ex Officio;Chairman
15039,113,ARMED SERVICES;FOREIGN RELATIONS;HOMELAND SECURITY;INDIAN,,M000303,ARMED SERVICES;FOREIGN RELATIONS;HEALTH;HOMELAND SECURITY;INDIAN;INTELLIGENCE,Ex Officio;Ranking Member
15039,112,ARMED SERVICES;HEALTH;HOMELAND SECURITY;INDIAN,Ranking Minority,M000303,ARMED SERVICES;HEALTH;HOMELAND SECURITY;INDIAN;INTELLIGENCE,Ex Officio;Ranking Member
15054,114,MINORITY LEADER,,R000146,INTELLIGENCE,Ex Officio
15054,113,MAJORITY LEADER,,R000146,INTELLIGENCE,Ex Officio
15054,112,MAJORITY LEADER,,R000146,INTELLIGENCE,Ex Officio
15408,115,ENVIRONMENT;FINANCE;FOREIGN RELATIONS;SMALL BUSINESS,Ranking Minority,C000141,COMMISSION ON SECURITY;ENVIRONMENT;FINANCE;FOREIGN RELATIONS;SMALL BUSINESS,Ranking Member
15408,114,ENVIRONMENT;FINANCE;FOREIGN RELATIONS;SMALL BUSINESS,Ranking Minority,C000141,COMMISSION ON SECURITY;ENVIRONMENT;FINANCE;FOREIGN RELATIONS;SMALL BUSINESS,Ranking Member
15408,113,ENVIRONMENT;FINANCE;FOREIGN RELATIONS;SMALL BUSINESS,,C000141,BUDGET;COMMISSION ON SECURITY;ENVIRONMENT;FINANCE;FOREIGN RELATIONS;SMALL BUSINESS,Chairman
15408,112,BUDGET;ENVIRONMENT;FINANCE;FOREIGN RELATIONS;SMALL BUSINESS,,C000141,BUDGET;COMMISSION ON SECURITY;ENVIRONMENT;FINANCE;FOREIGN RELATIONS;SMALL BUSINESS,Chairman
15420,112,TAXATION;WAYS,,H000528,WAYS,
15424,115,ARMED SERVICES;COMMERCE;ENVIRONMENT;SMALL BUSINESS,,I000024,ARMED SERVICES;COMMERCE;ENVIRONMENT;INTELLIGENCE;SMALL BUSINESS,Chairman;Ex Officio
15424,113,ARMED SERVICES;ENVIRONMENT,Ranking Minority,I000024,ARMED SERVICES;ENVIRONMENT;FOREIGN RELATIONS;INTELLIGENCE,Ranking Member;Ex Officio
15425,113,APPROPRIATIONS;BANKING;ENERGY;HOMELAND SECURITY;INDIAN,Chair,J000177,APPROPRIATIONS;BANKING;ENERGY;INDIAN,Chairman
15425,112,APPROPRIATIONS;BANKING;ENERGY;HOMELAND SECURITY;INDIAN,Chair,J000177,APPROPRIATIONS;BANKING;ENERGY;INDIAN,Chairman
15429,112,FINANCE;JUDICIARY;MINORITY WHIP,,K000352,FINANCE;JUDICIARY,
15444,115,RULES,Ranking Minority,S000480,COMMISSION ON SECURITY;RULES,Ranking Member
15444,114,RULES,Ranking Minority,S000480,COMMISSION ON SECURITY;RULES,Ranking Member
15444,113,RULES,Ranking Minority,S000480,COMMISSION ON SECURITY;RULES,Ranking Member
15446,112,DEFICIT REDUCTION;ENERGY,Chair,U000031,ENERGY,Chair
15455,113,OVERSIGHT;TRANSPORTATION,,D000533,NATURAL RESOURCES;OVERSIGHT;TRANSPORTATION,
15634,113,FOREIGN,,R000435,FOREIGN;RULES,Chair
20100,113,AGING;ENERGY;FOREIGN RELATIONS;JUDICIARY,,F000444,AGING;APPROPRIATIONS;ENERGY;FOREIGN RELATIONS;JUDICIARY,
20101,115,AGRICULTURE;APPROPRIATIONS;BUDGET;ENVIRONMENT;VETERANS,,B001236,AGRICULTURE;APPROPRIATIONS;BUDGET;COMMISSION ON SECURITY;ENVIRONMENT;PRINTING;RULES;VETERANS,
20101,114,AGRICULTURE;APPROPRIATIONS;ENVIRONMENT;RULES;VETERANS,,B001236,AGRICULTURE;APPROPRIATIONS;COMMISSION ON SECURITY;ENVIRONMENT;PRINTING;RULES;VETERANS,
20101,113,AGRICULTURE;APPROPRIATIONS;ENVIRONMENT;VETERANS,,B001236,AGRICULTURE;APPROPRIATIONS;COMMERCE;COMMISSION ON SECURITY;ENVIRONMENT;VETERANS,
20103,113,APPROPRIATIONS,,H001034,APPROPRIATIONS;BUDGET,
20104,114,APPROPRIATIONS;BENGHAZI;INTELLIGENCE,Ranking Minority,S001150,APPROPRIATIONS;INTELLIGENCE,Ranking Member
20104,113,APPROPRIATIONS;BENGHAZI;INTELLIGENCE,Ranking Minority,S001150,APPROPRIATIONS;INTELLIGENCE,
20107,114,FOREIGN;JUDICIARY;OVERSIGHT,,I000056,FOREIGN;JUDICIARY,
20111,112,APPROPRIATIONS;LIBRARY,,C001045,APPROPRIATIONS,
20120,112,ENERGY,,R000572,ENERGY;INTELLIGENCE,Chair
20122,113,APPROPRIATIONS,,M001143,APPROPRIATIONS;BUDGET,
20130,115,ECONOMIC;WAYS,Chair,T000462,WAYS,
20130,114,ECONOMIC;WAYS,,T000462,WAYS,
20146,115,APPROPRIATIONS;COMMERCE;ENVIRONMENT;RULES,,C001047,APPROPRIATIONS;COMMERCE;ENERGY;ENVIRONMENT;LIBRARY;RULES,
20146,114,APPROPRIATIONS;ENERGY;ENVIRONMENT;LIBRARY;PRINTING;RULES,,C001047,APPROPRIATIONS;ENERGY;ENVIRONMENT;LIBRARY;RULES,
20300,113,APPROPRIATIONS,,B001244,APPROPRIATIONS;ETHICS,Chair
20307,114,INTELLIGENCE;TAXATION;WAYS,Chair,N000181,INTELLIGENCE;WAYS,Chair
20310,114,BENGHAZI;ETHICS;WAYS,Ranking Minority,S001156,ETHICS;WAYS,Ranking Member
20310,113,BENGHAZI;ETHICS;WAYS,Ranking Minority,S001156,ETHICS;JUDICIARY;VETERANS;WAYS,Ranking Member
20319,113,ENERGY;HOUSE ADMINISTRATION,,G000550,COMMISSION ON SECURITY;ENERGY;HOUSE ADMINISTRATION,
20329,112,ARMED SERVICES;INTELLIGENCE,Ranking Minority,R000576,INTELLIGENCE,Ranking Member
20330,115,AGRICULTURE;APPROPRIATIONS;BANKING;BUDGET,,V000128,AGRICULTURE;APPROPRIATIONS;BANKING;BUDGET;ENVIRONMENT,Ranking Member
20330,112,BUDGET;DEFICIT REDUCTION,Ranking MinorityNA,V000128,BUDGET,Ranking Member
20342,115,ARMED SERVICES;INTELLIGENCE,,T000463,ARMED SERVICES;INTELLIGENCE;OVERSIGHT,
20343,115,APPROPRIATIONS,,R000577,APPROPRIATIONS;BUDGET,
20343,113,APPROPRIATIONS;BUDGET,,R000577,APPROPRIATIONS;ARMED SERVICES;BUDGET,
20344,115,APPROPRIATIONS;BUDGET;RULES,,C001053,APPROPRIATIONS;BUDGET;LIBRARY;RULES,
20344,114,APPROPRIATIONS;BUDGET;RULES,,C001053,APPROPRIATIONS;BUDGET;LIBRARY;RULES,
20352,112,DEFICIT REDUCTION;FINANCIAL SERVICES,Chair,H001036,FINANCIAL SERVICES,
20355,115,ENERGY;RULES,,B001248,COMMISSION ON SECURITY;ENERGY;RULES,
20355,114,ENERGY;RULES,,B001248,COMMISSION ON SECURITY;ENERGY;RULES,
20355,113,ENERGY;RULES,,B001248,COMMISSION ON SECURITY;ENERGY;RULES,
20355,112,ECONOMIC;ENERGY,,B001248,ENERGY,
20504,112,BUDGET;JUDICIARY,,W000797,BUDGET,
20506,114,BENGHAZI;FINANCIAL SERVICES;INTELLIGENCE,,W000796,FINANCIAL SERVICES;INTELLIGENCE,
20506,113,BENGHAZI;FINANCIAL SERVICES;INTELLIGENCE,,W000796,FINANCIAL SERVICES;INTELLIGENCE,
20507,113,ENERGY,,B001252,ENERGY;VETERANS,
20518,113,APPROPRIATIONS,,F000449,AGRICULTURE;APPROPRIATIONS;FOREIGN,
20519,115,BUDGET;WAYS,,H001038,BUDGET;FOREIGN;HOMELAND SECURITY;WAYS,
20521,115,EDUCATION;OVERSIGHT,Chair,F000450,EDUCATION;OVERSIGHT;RULES,Vice Chair;Chair
20525,113,BUDGET;WAYS,,S001162,BUDGET;FOREIGN;WAYS,
20526,115,APPROPRIATIONS,,D000604,APPROPRIATIONS;ETHICS,Chair
20530,115,FOREIGN;HOMELAND SECURITY,Chair,M001157,FOREIGN;HOMELAND SECURITY;SCIENCE,Chair
20530,113,FOREIGN;HOMELAND SECURITY;SCIENCE,Chair,M001157,ETHICS;FOREIGN;HOMELAND SECURITY;SCIENCE,Chair
20532,112,FINANCIAL SERVICES;WAYS,,M001158,WAYS,
20533,113,APPROPRIATIONS,,C001063,AGRICULTURE;APPROPRIATIONS;HOMELAND SECURITY,
20537,115,FINANCIAL SERVICES,,M001160,BUDGET;FINANCIAL SERVICES,
20539,112,BUDGET;ECONOMIC;FINANCIAL SERVICES,,C001064,BUDGET;FINANCIAL SERVICES,
20702,115,ENERGY;SCIENCE,,M001166,ENERGY;SCIENCE;VETERANS,
20702,113,ENERGY,,M001166,ENERGY;SCIENCE;VETERANS,
20703,113,FINANCIAL SERVICES;MAJORITY WHIP,,M001165,FINANCIAL SERVICES,
20703,112,FINANCIAL SERVICES;MAJORITY WHIP,,M001165,FINANCIAL SERVICES,
20704,115,ARMED SERVICES;NATURAL RESOURCES,,L000564,ARMED SERVICES;NATURAL RESOURCES;VETERANS,
20706,113,AGRICULTURE;ARMED SERVICES;EDUCATION,,C001069,AGRICULTURE;ARMED SERVICES;EDUCATION;ETHICS,
20707,113,ECONOMIC;FOREIGN RELATIONS;HEALTH,,M001169,ECONOMIC;FOREIGN;FOREIGN RELATIONS;HEALTH;OVERSIGHT,
20708,115,ENERGY,,C001066,BUDGET;ENERGY,
20708,112,ARMED SERVICES;BUDGET;ENERGY,,C001066,BUDGET;ENERGY,
20712,115,JUDICIARY;TRANSPORTATION,,J000288,ARMED SERVICES;JUDICIARY;TRANSPORTATION,
20713,115,ARMED SERVICES;ENERGY;JUDICIARY;SMALL BUSINESS;VETERANS,,H001042,ARMED SERVICES;ENERGY;INTELLIGENCE;JUDICIARY;SMALL BUSINESS;VETERANS,
20713,113,ARMED SERVICES;ENVIRONMENT;JUDICIARY;VETERANS,,H001042,ARMED SERVICES;EDUCATION;ENVIRONMENT;JUDICIARY;TRANSPORTATION;VETERANS,
20713,112,EDUCATION;ETHICS;TRANSPORTATION,,H001042,EDUCATION;TRANSPORTATION,
20715,114,BENGHAZI;WAYS,,R000580,WAYS,
20715,113,BENGHAZI;WAYS,,R000580,WAYS,
20717,113,AGING;AGRICULTURE;ARMED SERVICES,,D000607,AGING;AGRICULTURE;ARMED SERVICES;FINANCIAL SERVICES;VETERANS,
20719,113,ENERGY,,B001259,ENERGY;OVERSIGHT;VETERANS,
20723,115,BUDGET,Ranking Minority,Y000062,BUDGET;ENERGY,Ranking Member
20723,113,BUDGET;EDUCATION,,Y000062,BUDGET;EDUCATION;ENERGY;ETHICS;OVERSIGHT,
20724,112,ENERGY;NATURAL RESOURCES;SCIENCE,,S001168,ENERGY,
20725,115,EDUCATION;ENERGY,,W000798,EDUCATION;ENERGY;OVERSIGHT,
20725,113,EDUCATION;OVERSIGHT,,W000798,EDUCATION;HOMELAND SECURITY;OVERSIGHT,
20730,115,BANKING;COMMERCE;FINANCE;VETERANS,,H001041,AGING;BANKING;COMMERCE;FINANCE;VETERANS,
20730,112,AGING;COMMERCE;ENERGY;WAYS,,H001041,AGING;COMMERCE;ENERGY,
20737,112,BUDGET;SMALL BUSINESS;TRANSPORTATION,,S001171,BUDGET;TRANSPORTATION,
20738,114,BENGHAZI;JUDICIARY;OVERSIGHT,,J000289,JUDICIARY;OVERSIGHT,
20738,113,BENGHAZI;JUDICIARY;OVERSIGHT,,J000289,JUDICIARY;OVERSIGHT,
20743,112,EDUCATION;SMALL BUSINESS;TRANSPORTATION,,A000362,EDUCATION;TRANSPORTATION,
20748,115,ETHICS;JUDICIARY;TRANSPORTATION,,C001068,COMMISSION ON SECURITY;ETHICS;JUDICIARY;TRANSPORTATION,
20748,114,JUDICIARY;TRANSPORTATION,,C001068,COMMISSION ON SECURITY;JUDICIARY;TRANSPORTATION,
20748,113,JUDICIARY;TRANSPORTATION,,C001068,COMMISSION ON SECURITY;JUDICIARY;TRANSPORTATION,
20750,113,ENERGY;OVERSIGHT,,W000800,AGRICULTURE;ENERGY;OVERSIGHT,
20757,113,ARMED SERVICES;TRANSPORTATION,,C001072,ARMED SERVICES;FINANCIAL SERVICES;TRANSPORTATION,
20758,113,ENERGY;VETERANS,,B001257,ENERGY;FOREIGN;HOMELAND SECURITY;VETERANS,
20759,115,ENERGY;MAJORITY WHIP,,S001176,ENERGY,
20759,114,ENERGY;MAJORITY WHIP,,S001176,ENERGY,
20762,112,ARMED SERVICES;HOMELAND SECURITY;OVERSIGHT,,S001175,ARMED SERVICES;OVERSIGHT,
20763,113,SCIENCE;TRANSPORTATION,,E000290,ETHICS;SCIENCE;TRANSPORTATION,
20904,115,EDUCATION;ETHICS;RULES,,P000598,EDUCATION;ETHICS;NATURAL RESOURCES;RULES,
20904,113,EDUCATION;RULES,,P000598,EDUCATION;JUDICIARY;RULES,
20906,113,ARMED SERVICES;SMALL BUSINESS;VETERANS,,C001077,ARMED SERVICES;NATURAL RESOURCES;SMALL BUSINESS;VETERANS,
20910,113,APPROPRIATIONS;INTELLIGENCE,,R000583,AGRICULTURE;APPROPRIATIONS;ARMED SERVICES;INTELLIGENCE,
20914,112,HOUSE ADMINISTRATION;PRINTING;WAYS,,S001179,HOUSE ADMINISTRATION;WAYS,
20919,115,ECONOMIC;ENERGY;FINANCE;HEALTH;VETERANS,,C001075,APPROPRIATIONS;ECONOMIC;ENERGY;FINANCE;HEALTH;VETERANS,
20920,113,APPROPRIATIONS,,P000597,AGRICULTURE;APPROPRIATIONS;ARMED SERVICES,
20923,115,ARMED SERVICES;COMMERCE;ECONOMIC;HOMELAND SECURITY,,P000595,ARMED SERVICES;COMMERCE;ECONOMIC;HOMELAND SECURITY;SMALL BUSINESS,
20923,113,FINANCIAL SERVICES,,P000595,FINANCIAL SERVICES;SMALL BUSINESS,
20925,115,ENERGY;HOUSE ADMINISTRATION,Chair,H001045,ENERGY;HOUSE ADMINISTRATION;LIBRARY;PRINTING,Chairman;Vice Chairman;Chair
20925,113,ENERGY;HOUSE ADMINISTRATION;LIBRARY;PRINTING,Chair,H001045,ENERGY;ETHICS;HOUSE ADMINISTRATION;LIBRARY;PRINTING,Chairman;Vice Chairman
20925,112,ENERGY;ETHICS;HOUSE ADMINISTRATION;LIBRARY;PRINTING,Chair,H001045,ENERGY;ETHICS;HOUSE ADMINISTRATION,
20927,115,FOREIGN;TRANSPORTATION,,T000468,FOREIGN;TRANSPORTATION;VETERANS,
20930,113,COMMERCE;ECONOMIC;ENERGY;INTELLIGENCE,,H001046,ARMED SERVICES;COMMERCE;ECONOMIC;ENERGY;INTELLIGENCE;NATURAL RESOURCES,
20932,113,ENERGY,,L000570,ENERGY;NATURAL RESOURCES;SCIENCE,
20934,113,ENERGY,,T000469,ENERGY;NATURAL RESOURCES;SCIENCE,
20934,112,BUDGET;NATURAL RESOURCES;SCIENCE,,T000469,NATURAL RESOURCES;SCIENCE,
20941,112,AGRICULTURE;EDUCATION;SCIENCE,,F000455,AGRICULTURE;EDUCATION,
20949,113,HOMELAND SECURITY;JUDICIARY;OVERSIGHT,,C001076,BUDGET;HOMELAND SECURITY;JUDICIARY;OVERSIGHT,
20953,113,NATURAL RESOURCES;OVERSIGHT;SCIENCE,,L000571,APPROPRIATIONS;NATURAL RESOURCES;OVERSIGHT;SCIENCE,
20957,113,AGRICULTURE;APPROPRIATIONS;ARMED SERVICES,,O000169,AGRICULTURE;APPROPRIATIONS;ARMED SERVICES;SMALL BUSINESS,
20958,113,AGRICULTURE;ARMED SERVICES;TRANSPORTATION,,G000559,AGRICULTURE;ARMED SERVICES;NATURAL RESOURCES;TRANSPORTATION,
20958,112,AGRICULTURE;ARMED SERVICES;NATURAL RESOURCES,,G000559,ARMED SERVICES;NATURAL RESOURCES,
20962,114,APPROPRIATIONS;LIBRARY,,G000560,APPROPRIATIONS,
21100,115,JUDICIARY,,S001188,BUDGET;FINANCIAL SERVICES,
21100,113,FINANCIAL SERVICES,,S001188,AGRICULTURE;BUDGET;FINANCIAL SERVICES;VETERANS,
21101,112,JUDICIARY;RULES;TRANSPORTATION;WAYS,,R000585,WAYS,
21102,113,FINANCIAL SERVICES;INTELLIGENCE,,S001185,AGRICULTURE;FINANCIAL SERVICES;INTELLIGENCE;SCIENCE,
21105,115,ECONOMIC;WAYS,,S001183,FINANCIAL SERVICES;WAYS,
21105,114,ECONOMIC;FINANCIAL SERVICES,,S001183,FINANCIAL SERVICES,
21105,113,SCIENCE;SMALL BUSINESS,,S001183,FINANCIAL SERVICES;SCIENCE;SMALL BUSINESS,
21107,113,WAYS,,G000567,ARMED SERVICES;FOREIGN;JUDICIARY;WAYS,
21109,113,AGRICULTURE;TRANSPORTATION;VETERANS,,D000612,AGRICULTURE;NATURAL RESOURCES;TRANSPORTATION;VETERANS,
21110,115,FOREIGN,,B001270,FOREIGN;JUDICIARY,
21110,113,FOREIGN;JUDICIARY,,B001270,BUDGET;FOREIGN;JUDICIARY,
21112,115,BUDGET;COMMERCE;ENERGY;FOREIGN RELATIONS,,G000562,BUDGET;COMMERCE;COMMISSION ON SECURITY;ENERGY;FOREIGN RELATIONS;SMALL BUSINESS,
21115,114,ARMED SERVICES;HOUSE ADMINISTRATION,,N000185,ARMED SERVICES;HOUSE ADMINISTRATION;PRINTING,
21117,113,FINANCIAL SERVICES,,R000593,EDUCATION;FINANCIAL SERVICES;JUDICIARY;OVERSIGHT,
21118,113,EDUCATION;SCIENCE,,W000808,EDUCATION;FOREIGN;SCIENCE,
21125,113,JUDICIARY;NATURAL RESOURCES,,L000573,JUDICIARY;NATURAL RESOURCES;OVERSIGHT,
21129,113,FINANCIAL SERVICES;SCIENCE,,H001059,AGRICULTURE;FINANCIAL SERVICES;SCIENCE;TRANSPORTATION,
21133,115,COMMERCE;FOREIGN RELATIONS;HEALTH;SMALL BUSINESS,,Y000064,COMMERCE;FOREIGN RELATIONS;HEALTH;SMALL BUSINESS;WAYS,
21133,113,WAYS,,Y000064,ARMED SERVICES;BUDGET;WAYS,
21134,113,SMALL BUSINESS;VETERANS,,H001057,AGRICULTURE;BUDGET;SMALL BUSINESS;VETERANS,
21135,114,APPROPRIATIONS;LIBRARY,,Y000063,APPROPRIATIONS,
21136,115,INTELLIGENCE,,P000602,ENERGY;INTELLIGENCE,
21136,114,BENGHAZI;ENERGY;INTELLIGENCE,,P000602,ENERGY;INTELLIGENCE,
21136,113,BENGHAZI;ENERGY;INTELLIGENCE,,P000602,ENERGY;INTELLIGENCE,
21137,113,HOMELAND SECURITY;JUDICIARY,,R000588,HOMELAND SECURITY;JUDICIARY;SMALL BUSINESS,
21140,113,FOREIGN;HOMELAND SECURITY,,K000375,FOREIGN;HOMELAND SECURITY;SMALL BUSINESS,
21141,113,AGRICULTURE;NATURAL RESOURCES;VETERANS,,B001271,AGRICULTURE;NATURAL RESOURCES;SCIENCE;VETERANS,
21143,115,OVERSIGHT,,A000367,ECONOMIC;OVERSIGHT,
21143,113,ECONOMIC;OVERSIGHT,,A000367,BUDGET;ECONOMIC;OVERSIGHT,
21143,112,BUDGET;ECONOMIC;OVERSIGHT,,A000367,BUDGET;OVERSIGHT,
21149,115,AGRICULTURE;ARMED SERVICES,,H001053,AGRICULTURE;ARMED SERVICES;BUDGET,
21150,113,ENERGY,,L000576,ENERGY;HOMELAND SECURITY;TRANSPORTATION,
21152,112,BUDGET;FINANCIAL SERVICES;OVERSIGHT;TRANSPORTATION,,G000570,FINANCIAL SERVICES,
21157,113,ECONOMIC;SMALL BUSINESS;TRANSPORTATION,,H001051,ECONOMIC;EDUCATION;SMALL BUSINESS;TRANSPORTATION,
21159,113,ENERGY,,E000291,AGRICULTURE;ENERGY;FOREIGN;SMALL BUSINESS,
21162,113,ENERGY,,J000292,ENERGY;FOREIGN;NATURAL RESOURCES;SCIENCE;VETERANS,
21163,115,FINANCIAL SERVICES,,S001187,FINANCIAL SERVICES;RULES,
21166,113,BUDGET;OVERSIGHT,,L000575,BUDGET;OVERSIGHT;TRANSPORTATION,
21167,113,WAYS,,K000376,EDUCATION;FOREIGN;OVERSIGHT;WAYS,
21168,114,ETHICS;HOMELAND SECURITY;WAYS,,M001181,ETHICS;WAYS,
21171,113,EDUCATION;HOMELAND SECURITY;TRANSPORTATION,,B001269,EDUCATION;HOMELAND SECURITY;SMALL BUSINESS;TRANSPORTATION,
21172,113,BUDGET;FOREIGN;JUDICIARY,,C001084,BUDGET;FOREIGN;JUDICIARY;SMALL BUSINESS,
21173,115,AGING;BANKING;FINANCE;HEALTH;SMALL BUSINESS,,S001184,AGING;ARMED SERVICES;BANKING;FINANCE;HEALTH;SMALL BUSINESS,
21173,113,AGING;COMMERCE;ENERGY;HEALTH;SMALL BUSINESS,,S001184,AGING;COMMERCE;ENERGY;HEALTH;RULES;SMALL BUSINESS,
21174,115,FOREIGN;HOMELAND SECURITY,,D000615,ENERGY;FOREIGN;HOMELAND SECURITY;NATURAL RESOURCES,
21175,114,BENGHAZI;ETHICS;JUDICIARY;OVERSIGHT,Chair,G000566,ETHICS;JUDICIARY;OVERSIGHT,
21175,113,BENGHAZI;EDUCATION;ETHICS;JUDICIARY;OVERSIGHT,Chair,G000566,EDUCATION;ETHICS;JUDICIARY;OVERSIGHT,
21176,113,FINANCIAL SERVICES;SMALL BUSINESS,,M001182,BUDGET;FINANCIAL SERVICES;SMALL BUSINESS,
21176,112,BUDGET;ECONOMIC;SMALL BUSINESS,,M001182,BUDGET;SMALL BUSINESS,
21177,113,AGRICULTURE;ARMED SERVICES,,N000184,AGRICULTURE;ARMED SERVICES;EDUCATION;NATURAL RESOURCES,
21178,113,APPROPRIATIONS,,F000459,APPROPRIATIONS;SCIENCE;TRANSPORTATION,
21178,112,NATURAL RESOURCES;SCIENCE;SMALL BUSINESS;TRANSPORTATION,,F000459,SCIENCE;TRANSPORTATION,
21179,115,AGRICULTURE;ARMED SERVICES;OVERSIGHT,,D000616,AGRICULTURE;ARMED SERVICES;FOREIGN;OVERSIGHT,
21181,112,AGRICULTURE;FINANCIAL SERVICES;TRANSPORTATION,,F000458,FINANCIAL SERVICES,
21182,115,ENERGY,,F000461,ENERGY;VETERANS,
21184,113,JUDICIARY;OVERSIGHT;TRANSPORTATION,,F000460,HOMELAND SECURITY;JUDICIARY;OVERSIGHT;TRANSPORTATION,
21185,113,ARMED SERVICES;BUDGET,,R000589,ARMED SERVICES;BUDGET;HOMELAND SECURITY;SCIENCE,
21187,113,APPROPRIATIONS;SMALL BUSINESS,,H001056,APPROPRIATIONS;SMALL BUSINESS;TRANSPORTATION,
21189,115,FINANCIAL SERVICES,,D000614,ECONOMIC;FINANCIAL SERVICES,
21189,114,FINANCIAL SERVICES,,D000614,ECONOMIC;FINANCIAL SERVICES,
21189,112,ECONOMIC;FINANCIAL SERVICES,,D000614,FINANCIAL SERVICES,
21192,114,APPROPRIATIONS;BENGHAZI,,R000591,APPROPRIATIONS,
21192,113,AGRICULTURE;APPROPRIATIONS;ARMED SERVICES;BENGHAZI;EDUCATION,,R000591,AGRICULTURE;APPROPRIATIONS;ARMED SERVICES;EDUCATION,
21193,113,ARMED SERVICES;EDUCATION;FOREIGN;SCIENCE,,B001274,ARMED SERVICES;FOREIGN;SCIENCE,
21193,112,ARMED SERVICES;HOMELAND SECURITY;SCIENCE,,B001274,ARMED SERVICES;SCIENCE,
21194,112,ARMED SERVICES;HOMELAND SECURITY;SMALL BUSINESS,,H001062,ARMED SERVICES;HOMELAND SECURITY,
21195,112,HOMELAND SECURITY,,H001063,HOMELAND SECURITY;SMALL BUSINESS,
21198,113,EDUCATION;SCIENCE,,B001278,BUDGET;EDUCATION;SCIENCE,
21301,115,ARMED SERVICES;BANKING;ECONOMIC;INTELLIGENCE,,C001095,AGING;ARMED SERVICES;BANKING;BUDGET;ECONOMIC;INTELLIGENCE,
21306,115,INTELLIGENCE;JUDICIARY,,S001193,INTELLIGENCE;JUDICIARY;SCIENCE,
21311,115,ENERGY,,R000599,ENERGY;NATURAL RESOURCES;VETERANS,
21313,115,NATURAL RESOURCES;TRANSPORTATION,,L000579,FOREIGN;NATURAL RESOURCES;TRANSPORTATION,
21314,115,FINANCIAL SERVICES,,V000130,FINANCIAL SERVICES;HOUSE ADMINISTRATION;PRINTING,
21315,115,ARMED SERVICES;ENERGY;VETERANS,,P000608,ARMED SERVICES;ENERGY;JUDICIARY;VETERANS,
21325,115,COMMERCE;ENERGY;ENVIRONMENT;SMALL BUSINESS,,D000622,ARMED SERVICES;COMMERCE;ENERGY;ENVIRONMENT;OVERSIGHT;SMALL BUSINESS,
21325,114,ARMED SERVICES;BENGHAZI;OVERSIGHT,,D000622,ARMED SERVICES;OVERSIGHT,
21325,113,ARMED SERVICES;BENGHAZI;OVERSIGHT,Ranking Minority,D000622,ARMED SERVICES;OVERSIGHT,
21328,114,AGRICULTURE;HOUSE ADMINISTRATION;PRINTING;TRANSPORTATION,,D000619,AGRICULTURE;HOUSE ADMINISTRATION;TRANSPORTATION,
21328,113,AGRICULTURE;OVERSIGHT;TRANSPORTATION,,D000619,AGRICULTURE;TRANSPORTATION,
21330,115,WAYS,,W000813,AGRICULTURE;ARMED SERVICES;VETERANS;WAYS,
21331,114,BENGHAZI;ENERGY;ETHICS,,B001284,ENERGY;ETHICS,
21331,113,BENGHAZI;ETHICS;HOMELAND SECURITY,,B001284,EDUCATION;ETHICS;HOMELAND SECURITY,
21338,115,AGRICULTURE;APPROPRIATIONS;ENERGY;HOMELAND SECURITY;INDIAN,,D000618,AGRICULTURE;APPROPRIATIONS;COMMERCE;ENERGY;HOMELAND SECURITY;INDIAN,
21338,114,APPROPRIATIONS;COMMERCE;ENERGY,,D000618,APPROPRIATIONS;COMMERCE;ENERGY;INDIAN,
21341,115,AGRICULTURE;BUDGET,,L000580,AGRICULTURE;BUDGET;OVERSIGHT,
21342,115,APPROPRIATIONS,,M001188,APPROPRIATIONS;FOREIGN;SMALL BUSINESS,
21343,115,BUDGET;JUDICIARY,,J000294,BUDGET;EDUCATION;JUDICIARY,
21351,115,ARMED SERVICES;INTELLIGENCE;VETERANS,,W000815,ARMED SERVICES;INTELLIGENCE;VETERANS;WAYS,
21357,115,FINANCIAL SERVICES,,R000598,FINANCIAL SERVICES;JUDICIARY,
21360,115,SCIENCE;TRANSPORTATION,,W000814,FOREIGN;SCIENCE;TRANSPORTATION,
21375,115,APPROPRIATIONS,,C001101,APPROPRIATIONS;EDUCATION;SCIENCE,
21506,115,APPROPRIATIONS;ARMED SERVICES,,A000371,AGRICULTURE;APPROPRIATIONS;ARMED SERVICES,
21507,115,FOREIGN;JUDICIARY;OVERSIGHT,,L000582,BUDGET;FOREIGN;JUDICIARY;OVERSIGHT,
21508,115,FOREIGN;NATURAL RESOURCES,,T000474,FOREIGN;HOMELAND SECURITY;NATURAL RESOURCES;RULES,
21509,115,ENERGY,,W000820,ENERGY;ETHICS;JUDICIARY;TRANSPORTATION,
21510,115,JUDICIARY;RULES,,B001297,JUDICIARY;OVERSIGHT;RULES,
21512,115,WAYS,,C001107,EDUCATION;SMALL BUSINESS;TRANSPORTATION;WAYS,
21513,115,ENERGY,,C001103,EDUCATION;ENERGY;HOMELAND SECURITY;OVERSIGHT,
21514,115,NATURAL RESOURCES;OVERSIGHT,,H001071,ARMED SERVICES;NATURAL RESOURCES;OVERSIGHT,
21515,115,FINANCIAL SERVICES;HOUSE ADMINISTRATION;SCIENCE,,L000583,FINANCIAL SERVICES;HOMELAND SECURITY;HOUSE ADMINISTRATION;SCIENCE,
21515,114,HOMELAND SECURITY;LIBRARY;SCIENCE,,L000583,HOMELAND SECURITY;SCIENCE,
21520,115,OVERSIGHT;SMALL BUSINESS,,B001294,BUDGET;OVERSIGHT;SMALL BUSINESS,
21522,115,AGRICULTURE;ARMED SERVICES;SCIENCE,,A000374,AGRICULTURE;ARMED SERVICES;SCIENCE;VETERANS,
21525,115,ARMED SERVICES;BUDGET,,M001196,ARMED SERVICES;BUDGET;SMALL BUSINESS,
21526,115,APPROPRIATIONS,,M001194,AGRICULTURE;APPROPRIATIONS;BUDGET;SCIENCE,
21528,115,FINANCIAL SERVICES,,T000475,FINANCIAL SERVICES;FOREIGN;JUDICIARY,
21529,115,ENERGY,,D000624,BUDGET;ENERGY;NATURAL RESOURCES,
21530,115,OVERSIGHT;TRANSPORTATION,,L000581,OVERSIGHT;SMALL BUSINESS;TRANSPORTATION,
21536,115,ARMED SERVICES;EDUCATION,,N000188,ARMED SERVICES;BUDGET;EDUCATION,
21537,115,FINANCIAL SERVICES,,M001193,ARMED SERVICES;FINANCIAL SERVICES;NATURAL RESOURCES,
21539,115,FINANCIAL SERVICES;FOREIGN,,Z000017,FINANCIAL SERVICES;FOREIGN;TRANSPORTATION;VETERANS,
21543,115,HOUSE ADMINISTRATION;OVERSIGHT,,W000819,HOMELAND SECURITY;HOUSE ADMINISTRATION;OVERSIGHT,
21543,114,HOMELAND SECURITY;HOUSE ADMINISTRATION;OVERSIGHT;PRINTING,,W000819,HOMELAND SECURITY;HOUSE ADMINISTRATION;OVERSIGHT,
21545,115,AGRICULTURE;ECONOMIC;EDUCATION;SMALL BUSINESS,,A000370,AGRICULTURE;EDUCATION;SMALL BUSINESS,
21545,114,AGRICULTURE;ECONOMIC;EDUCATION;SMALL BUSINESS,,A000370,AGRICULTURE;EDUCATION;SMALL BUSINESS,
21547,115,ENERGY,,C001106,ENERGY;TRANSPORTATION;VETERANS,
21549,115,HOMELAND SECURITY;JUDICIARY,,R000601,ETHICS;HOMELAND SECURITY;JUDICIARY,
21554,115,ECONOMIC;NATURAL RESOURCES;SCIENCE,,B001292,NATURAL RESOURCES;SCIENCE,
21554,114,ECONOMIC;NATURAL RESOURCES;SCIENCE,,B001292,NATURAL RESOURCES;SCIENCE,
21555,115,ECONOMIC;HOUSE ADMINISTRATION;SCIENCE;TRANSPORTATION,,C001105,HOUSE ADMINISTRATION;SCIENCE;TRANSPORTATION,
21556,115,APPROPRIATIONS;RULES,,N000189,AGRICULTURE;APPROPRIATIONS;NATURAL RESOURCES;RULES,
21557,115,FINANCIAL SERVICES,,M001195,BUDGET;FINANCIAL SERVICES;NATURAL RESOURCES,
21559,114,BUDGET;ECONOMIC;EDUCATION;OVERSIGHT,,G000576,BUDGET;EDUCATION;OVERSIGHT,
21562,115,ECONOMIC;NATURAL RESOURCES;SCIENCE,,L000585,NATURAL RESOURCES;SCIENCE;WAYS,
21563,115,BUDGET;NATURAL RESOURCES;TRANSPORTATION,,W000821,BUDGET;NATURAL RESOURCES;SCIENCE;TRANSPORTATION,
21564,115,FINANCIAL SERVICES,,D000626,FINANCIAL SERVICES;SCIENCE;SMALL BUSINESS,
21701,115,AGRICULTURE;ARMED SERVICES;SMALL BUSINESS,,B001298,AGRICULTURE;ARMED SERVICES;HOMELAND SECURITY;SMALL BUSINESS,
21702,115,ARMED SERVICES;SCIENCE;VETERANS,,B001299,ARMED SERVICES;EDUCATION;SCIENCE;VETERANS,
21713,115,HOMELAND SECURITY;OVERSIGHT,,D000627,HOMELAND SECURITY;JUDICIARY;OVERSIGHT,
21720,115,ARMED SERVICES;HOMELAND SECURITY,,G000579,ARMED SERVICES;HOMELAND SECURITY;TRANSPORTATION,
21735,115,FOREIGN;TRANSPORTATION,,M001199,FOREIGN;TRANSPORTATION;VETERANS,
21737,115,EDUCATION;OVERSIGHT;TRANSPORTATION,,M001201,ARMED SERVICES;EDUCATION;OVERSIGHT;TRANSPORTATION,
21744,115,HOMELAND SECURITY;JUDICIARY;VETERANS,,R000609,APPROPRIATIONS;HOMELAND SECURITY;JUDICIARY;VETERANS,
21750,115,EDUCATION;HOMELAND SECURITY;SMALL BUSINESS,,E000298,EDUCATION;HOMELAND SECURITY,
29106,113,FINANCIAL SERVICES,Ranking Minority,W000187,FINANCIAL SERVICES;JUDICIARY,Ranking Member
29124,112,DEFICIT REDUCTION;TAXATION;WAYS,Chair,C000071,WAYS,Chair
29142,114,APPROPRIATIONS;ARMED SERVICES;BANKING,Ranking Minority,R000122,APPROPRIATIONS;ARMED SERVICES;BANKING;INTELLIGENCE,Ex Officio;Ranking Member
29143,115,WAYS,,J000174,TAXATION;WAYS,
29143,112,TAXATION;WAYS,,J000174,WAYS,
29316,112,DEFICIT REDUCTION;WAYS,Ranking Minority,B000287,WAYS,
29337,115,RULES,,H000324,COMMISSION ON SECURITY;RULES,
29337,114,RULES,,H000324,COMMISSION ON SECURITY;RULES,
29337,113,RULES,,H000324,COMMISSION ON SECURITY;RULES,
29345,115,BANKING;BUDGET;FINANCE;INDIAN;JUDICIARY;TAXATION,Chair,C000880,BANKING;BUDGET;ENVIRONMENT;FINANCE;INDIAN;JUDICIARY;TAXATION,Chairman
29378,115,FINANCIAL SERVICES;SMALL BUSINESS,Ranking Minority,V000081,FINANCIAL SERVICES;NATURAL RESOURCES;SMALL BUSINESS,Ranking Member
29379,112,ECONOMIC;FINANCIAL SERVICES;OVERSIGHT,,M000087,FINANCIAL SERVICES;OVERSIGHT,
29380,112,APPROPRIATIONS;ECONOMIC,,H000627,APPROPRIATIONS,
29386,115,ECONOMIC;ENERGY;FINANCE;FOREIGN RELATIONS;HOMELAND SECURITY,,P000449,BUDGET;ECONOMIC;ENERGY;FINANCE;FOREIGN RELATIONS;HOMELAND SECURITY,
29386,113,BUDGET;ENERGY;FINANCE;HOMELAND SECURITY,,P000449,ARMED SERVICES;BUDGET;ENERGY;FINANCE;HOMELAND SECURITY,
29389,113,AGRICULTURE;BANKING;ETHICS;FINANCE;VETERANS,,B000944,AGRICULTURE;APPROPRIATIONS;BANKING;ETHICS;FINANCE;VETERANS,
29504,115,HOUSE ADMINISTRATION;JUDICIARY;SCIENCE,Ranking Minority,L000397,HOUSE ADMINISTRATION;JUDICIARY;LIBRARY;SCIENCE,
29504,112,ETHICS;HOUSE ADMINISTRATION;JUDICIARY;LIBRARY;SCIENCE,Ranking Minority,L000397,HOUSE ADMINISTRATION;JUDICIARY;SCIENCE,
29512,113,AGRICULTURE;ARMED SERVICES;INTELLIGENCE;PRINTING;RULES,,C000286,AGING;AGRICULTURE;ARMED SERVICES;COMMISSION ON SECURITY;INTELLIGENCE;PRINTING;RULES,Vice Chairman
29512,112,AGING;AGRICULTURE;ARMED SERVICES;INTELLIGENCE;PRINTING;RULES,Ranking Minority,C000286,AGING;AGRICULTURE;ARMED SERVICES;COMMISSION ON SECURITY;INTELLIGENCE;PRINTING;RULES,Vice Chairman
29534,115,ARMED SERVICES;COMMERCE;ENVIRONMENT;RULES,,W000437,ARMED SERVICES;BUDGET;COMMERCE;COMMISSION ON SECURITY;ENVIRONMENT;PRINTING;RULES,Cochairman
29534,114,ARMED SERVICES;BUDGET;COMMERCE;ENVIRONMENT;PRINTING;RULES,,W000437,ARMED SERVICES;BUDGET;COMMERCE;COMMISSION ON SECURITY;ENVIRONMENT;RULES,Cochairman
29534,113,ARMED SERVICES;BUDGET;COMMERCE;ECONOMIC;ENVIRONMENT,,W000437,ARMED SERVICES;BANKING;BUDGET;COMMERCE;COMMISSION ON SECURITY;ECONOMIC;ENVIRONMENT;VETERANS,
29534,112,ARMED SERVICES;BANKING;COMMERCE;VETERANS,,W000437,ARMED SERVICES;BANKING;COMMERCE;COMMISSION ON SECURITY;VETERANS,
29546,113,ARMED SERVICES,,J000255,ARMED SERVICES;FINANCIAL SERVICES,
29548,115,AGING;FINANCE;HEALTH;INTELLIGENCE,Chair,B001135,AGING;COMMISSION ON SECURITY;FINANCE;HEALTH;INTELLIGENCE,Chairman
29548,114,FINANCE;HEALTH;INTELLIGENCE,Chair,B001135,COMMISSION ON SECURITY;FINANCE;HEALTH;INTELLIGENCE,Chairman
29548,113,FINANCE;HEALTH;INTELLIGENCE;VETERANS,Ranking Minority,B001135,COMMISSION ON SECURITY;FINANCE;HEALTH;INTELLIGENCE;VETERANS,Ranking Member
29548,112,ENERGY;FINANCE;HEALTH;INTELLIGENCE;VETERANS,Ranking Minority,B001135,COMMISSION ON SECURITY;FINANCE;HEALTH;INTELLIGENCE;VETERANS,Ranking Member
29555,113,BANKING;HOMELAND SECURITY;INTELLIGENCE,,C000560,BANKING;FINANCE;HOMELAND SECURITY;INTELLIGENCE;JUDICIARY,Ranking Member
29566,113,APPROPRIATIONS;ARMED SERVICES;BUDGET;JUDICIARY,,G000359,AGING;APPROPRIATIONS;ARMED SERVICES;BUDGET;JUDICIARY,
29587,115,OVERSIGHT;TRANSPORTATION,Ranking Minority,C000984,ECONOMIC;OVERSIGHT;TRANSPORTATION,Ranking Member
29587,114,BENGHAZI;OVERSIGHT;TRANSPORTATION,Ranking Minority,C000984,ECONOMIC;OVERSIGHT;TRANSPORTATION,Ranking Member
29587,113,BENGHAZI;ECONOMIC;OVERSIGHT;TRANSPORTATION,Ranking Minority,C000984,ECONOMIC;OVERSIGHT;TRANSPORTATION,Ranking Member
29587,112,ECONOMIC;OVERSIGHT;TRANSPORTATION,Ranking Minority,C000984,OVERSIGHT;TRANSPORTATION,Ranking Member
29701,115,APPROPRIATIONS,,A000055,APPROPRIATIONS;COMMISSION ON SECURITY,
29701,114,APPROPRIATIONS,,A000055,APPROPRIATIONS;COMMISSION ON SECURITY,
29701,113,APPROPRIATIONS,,A000055,APPROPRIATIONS;COMMISSION ON SECURITY,
29709,114,ARMED SERVICES;HOMELAND SECURITY,,S000030,ARMED SERVICES;ECONOMIC;HOMELAND SECURITY,
29709,112,ARMED SERVICES;ECONOMIC;HOMELAND SECURITY,,S000030,ARMED SERVICES;HOMELAND SECURITY,
29717,113,WAYS,,D000096,HOMELAND SECURITY;OVERSIGHT;WAYS,
29722,115,APPROPRIATIONS;COMMERCE;ENVIRONMENT;INDIAN;VETERANS,,M000934,APPROPRIATIONS;BANKING;COMMERCE;ENVIRONMENT;INDIAN;VETERANS,
29722,113,APPROPRIATIONS;BANKING;VETERANS,,M000934,AGING;APPROPRIATIONS;BANKING;HOMELAND SECURITY;SMALL BUSINESS;VETERANS,
29735,115,APPROPRIATIONS;COMMERCE;INTELLIGENCE;RULES,,B000575,APPROPRIATIONS;COMMERCE;INTELLIGENCE;LIBRARY;PRINTING;RULES,Chairman;Vice Chairman
29735,113,APPROPRIATIONS;ARMED SERVICES;COMMERCE;LIBRARY;RULES,,B000575,APPROPRIATIONS;ARMED SERVICES;COMMERCE;INTELLIGENCE;LIBRARY;RULES,
29741,115,WAYS,,P000096,BUDGET;WAYS,
29746,113,AGRICULTURE;ARMED SERVICES,,M000485,AGRICULTURE;ARMED SERVICES;COMMISSION ON SECURITY,
29752,114,ENERGY,,P000373,COMMISSION ON SECURITY;ENERGY,
29752,113,ENERGY,,P000373,COMMISSION ON SECURITY;ENERGY,
29754,113,AGRICULTURE;COMMERCE;FINANCE,Ranking Minority,T000250,AGRICULTURE;BUDGET;COMMERCE;FINANCE,Ranking Member
29760,115,WAYS,Chair,B000755,ECONOMIC;TAXATION;WAYS,Chair;Chairman
29760,112,ECONOMIC;WAYS,,B000755,WAYS,
29768,114,ARMED SERVICES;BENGHAZI,Ranking Minority,S000510,ARMED SERVICES,Ranking Member
29768,113,ARMED SERVICES;BENGHAZI,Ranking Minority,S000510,ARMED SERVICES,Ranking Member
29777,115,ARMED SERVICES,,B001227,ARMED SERVICES;HOUSE ADMINISTRATION;LIBRARY;PRINTING,Ranking Member
29777,112,ARMED SERVICES;HOUSE ADMINISTRATION;LIBRARY;PRINTING,Ranking Minority,B001227,ARMED SERVICES;HOUSE ADMINISTRATION,Ranking Member
29906,113,APPROPRIATIONS;ARMED SERVICES;ENERGY;INTELLIGENCE,,U000038,AGING;ARMED SERVICES;ENERGY;INTELLIGENCE,
29908,115,WAYS,,L000557,ETHICS;WAYS,
29909,113,ETHICS;FINANCE;HEALTH;VETERANS,,I000055,COMMERCE;ETHICS;FINANCE;FOREIGN RELATIONS;HEALTH;VETERANS,Vice Chairman
29910,113,APPROPRIATIONS,,S001148,APPROPRIATIONS;BUDGET,
29919,115,FINANCIAL SERVICES;TRANSPORTATION,,C001037,ETHICS;FINANCIAL SERVICES;TRANSPORTATION,
29924,115,APPROPRIATIONS;COMMERCE;FOREIGN RELATIONS;INDIAN;RULES,,U000039,APPROPRIATIONS;COMMERCE;COMMISSION ON SECURITY;FOREIGN RELATIONS;INDIAN;PRINTING;RULES,Vice Chairman
29924,114,APPROPRIATIONS;COMMERCE;FOREIGN RELATIONS;INDIAN;PRINTING;RULES,,U000039,APPROPRIATIONS;COMMERCE;COMMISSION ON SECURITY;FOREIGN RELATIONS;INDIAN;PRINTING;RULES,
29924,113,ENVIRONMENT;FOREIGN RELATIONS;INDIAN;PRINTING;RULES,,U000039,APPROPRIATIONS;COMMERCE;COMMISSION ON SECURITY;ENVIRONMENT;FOREIGN RELATIONS;INDIAN;PRINTING;RULES;UNITED STATES SENATE CAUCUS ON INTERNATIONAL NARCOTICS CONTROL,
29924,112,COMMERCE;ENVIRONMENT;FOREIGN RELATIONS;INDIAN;PRINTING;RULES,,U000039,COMMERCE;COMMISSION ON SECURITY;ENVIRONMENT;FOREIGN RELATIONS;INDIAN;PRINTING;RULES;UNITED STATES SENATE CAUCUS ON INTERNATIONAL NARCOTICS CONTROL,
29935,113,BANKING;BUDGET;ECONOMIC;FINANCE,,T000461,BANKING;BUDGET;COMMERCE;ECONOMIC;FINANCE,
29939,115,SPEAKER,,R000570,TAXATION,Chairman
29939,114,SPEAKER;TAXATION;WAYS,Chair,R000570,TAXATION;WAYS,Chair;Chairman
29940,115,APPROPRIATIONS;COMMERCE;HEALTH,,B001230,APPROPRIATIONS;BUDGET;COMMERCE;HEALTH;HOMELAND SECURITY,
29940,113,BUDGET;ENERGY;HEALTH;HOMELAND SECURITY,,B001230,AGING;BUDGET;ENERGY;HEALTH;HOMELAND SECURITY,
29943,112,ENERGY;HOUSE ADMINISTRATION;PRINTING,,G000544,ENERGY;HOUSE ADMINISTRATION,
31101,115,BUDGET;WAYS,,D000617,AGRICULTURE;BUDGET;JUDICIARY;WAYS,
31103,115,HOMELAND SECURITY;TRANSPORTATION,,P000604,HOMELAND SECURITY;SMALL BUSINESS;TRANSPORTATION,
39308,113,AGRICULTURE;JUDICIARY,Chair,G000289,AGRICULTURE;EDUCATION;JUDICIARY,Chair
40304,113,APPROPRIATIONS;ENERGY;HEALTH;RULES,Ranking Minority,A000360,APPROPRIATIONS;ENERGY;ENVIRONMENT;HEALTH;LIBRARY;PRINTING;RULES,Ranking Member
40305,115,FINANCE;INTELLIGENCE;JUDICIARY;MAJORITY WHIP,,C001056,FINANCE;INTELLIGENCE;JUDICIARY;UNITED STATES SENATE CAUCUS ON INTERNATIONAL NARCOTICS CONTROL,
40305,114,FINANCE;JUDICIARY;MAJORITY WHIP,,C001056,FINANCE;JUDICIARY;UNITED STATES SENATE CAUCUS ON INTERNATIONAL NARCOTICS CONTROL,
40305,113,FINANCE;JUDICIARY;MINORITY WHIP,,C001056,ARMED SERVICES;BUDGET;FINANCE;JUDICIARY;UNITED STATES SENATE CAUCUS ON INTERNATIONAL NARCOTICS CONTROL,
40305,112,ARMED SERVICES;BUDGET;FINANCE;JUDICIARY,,C001056,ARMED SERVICES;BUDGET;FINANCE;JUDICIARY;UNITED STATES SENATE CAUCUS ON INTERNATIONAL NARCOTICS CONTROL,
40700,115,AGRICULTURE;COMMERCE;ECONOMIC;JUDICIARY;RULES,Ranking Minority,K000367,AGRICULTURE;COMMERCE;ECONOMIC;JUDICIARY;LIBRARY;PRINTING;RULES,Ranking Member
40700,114,AGRICULTURE;COMMERCE;ECONOMIC;JUDICIARY;LIBRARY;PRINTING;RULES,Ranking Minority,K000367,AGRICULTURE;COMMERCE;ECONOMIC;JUDICIARY;RULES,
40701,115,ARMED SERVICES;FINANCE;HOMELAND SECURITY,Ranking Minority,M001170,AGING;ARMED SERVICES;COMMERCE;FINANCE;HOMELAND SECURITY,Ranking Member
40702,115,APPROPRIATIONS;BANKING;HOMELAND SECURITY;INDIAN;VETERANS,Ranking Minority,T000464,APPROPRIATIONS;BANKING;COMMERCE;HOMELAND SECURITY;INDIAN;VETERANS,Vice Chairman;Ranking Member
40702,113,BANKING;HOMELAND SECURITY;INDIAN;VETERANS,Chair,T000464,APPROPRIATIONS;BANKING;HOMELAND SECURITY;INDIAN;VETERANS,Chairman
40703,115,AGING;AGRICULTURE;FINANCE;HEALTH,Ranking Minority,C001070,AGING;AGRICULTURE;ECONOMIC;FINANCE;HEALTH,Ranking Member
40704,115,AGING;BUDGET;ENVIRONMENT;HEALTH;JUDICIARY,,W000802,AGING;BUDGET;COMMISSION ON SECURITY;ENVIRONMENT;FINANCE;HEALTH;JUDICIARY;UNITED STATES SENATE CAUCUS ON INTERNATIONAL NARCOTICS CONTROL,
40704,114,AGING;BUDGET;ENVIRONMENT;HEALTH;JUDICIARY,,W000802,AGING;BUDGET;COMMISSION ON SECURITY;ENVIRONMENT;HEALTH;JUDICIARY;UNITED STATES SENATE CAUCUS ON INTERNATIONAL NARCOTICS CONTROL,
40704,113,AGING;BUDGET;ENVIRONMENT;HEALTH;JUDICIARY,,W000802,AGING;BUDGET;COMMISSION ON SECURITY;ENVIRONMENT;HEALTH;JUDICIARY;UNITED STATES SENATE CAUCUS ON INTERNATIONAL NARCOTICS CONTROL,
40704,112,AGING;BUDGET;ENVIRONMENT;HEALTH;JUDICIARY,,W000802,AGING;BUDGET;COMMISSION ON SECURITY;ENVIRONMENT;HEALTH;JUDICIARY;UNITED STATES SENATE CAUCUS ON INTERNATIONAL NARCOTICS CONTROL,
40705,113,AGING;BANKING;FOREIGN RELATIONS,Ranking Minority,C001071,AGING;BANKING;ENERGY;FOREIGN RELATIONS,Ranking Member
40900,113,APPROPRIATIONS;COMMERCE;HOMELAND SECURITY;INDIAN;VETERANS,,B001265,APPROPRIATIONS;ARMED SERVICES;BUDGET;COMMERCE;HOMELAND SECURITY;INDIAN;VETERANS,
40902,115,ENERGY;ETHICS;FOREIGN RELATIONS;INTELLIGENCE;SMALL BUSINESS,Chair,R000584,ENERGY;ETHICS;FOREIGN RELATIONS;INTELLIGENCE;SMALL BUSINESS;UNITED STATES SENATE CAUCUS ON INTERNATIONAL NARCOTICS CONTROL,Chairman
40902,114,ENERGY;ETHICS;FOREIGN RELATIONS;INTELLIGENCE;SMALL BUSINESS,,R000584,ENERGY;ETHICS;FOREIGN RELATIONS;INTELLIGENCE;SMALL BUSINESS;UNITED STATES SENATE CAUCUS ON INTERNATIONAL NARCOTICS CONTROL,
40902,113,ENERGY;ETHICS;FOREIGN RELATIONS;INTELLIGENCE;SMALL BUSINESS,,R000584,ENERGY;ETHICS;FOREIGN RELATIONS;INTELLIGENCE;SMALL BUSINESS;UNITED STATES SENATE CAUCUS ON INTERNATIONAL NARCOTICS CONTROL,Ranking Member
40902,112,ENERGY;ETHICS;FOREIGN RELATIONS;INTELLIGENCE;SMALL BUSINESS,,R000584,ENERGY;ETHICS;FOREIGN RELATIONS;INTELLIGENCE;SMALL BUSINESS;UNITED STATES SENATE CAUCUS ON INTERNATIONAL NARCOTICS CONTROL,
40904,113,ENERGY;INDIAN;JUDICIARY,,F000457,ENERGY;HEALTH;INDIAN;JUDICIARY,
40905,113,AGRICULTURE;APPROPRIATIONS;BANKING;VETERANS,,J000291,AGRICULTURE;APPROPRIATIONS;BANKING;ENVIRONMENT;INDIAN;VETERANS,
40906,115,APPROPRIATIONS;ARMED SERVICES;ETHICS;FOREIGN RELATIONS;SMALL BUSINESS,Ranking Minority,S001181,APPROPRIATIONS;ARMED SERVICES;COMMISSION ON SECURITY;ETHICS;FOREIGN RELATIONS;SMALL BUSINESS,Ranking Member
40906,114,APPROPRIATIONS;ARMED SERVICES;FOREIGN RELATIONS;SMALL BUSINESS,Ranking Minority,S001181,APPROPRIATIONS;ARMED SERVICES;COMMISSION ON SECURITY;FOREIGN RELATIONS;SMALL BUSINESS,Ranking Member
40906,113,APPROPRIATIONS;ARMED SERVICES;FOREIGN RELATIONS;SMALL BUSINESS,,S001181,APPROPRIATIONS;ARMED SERVICES;COMMISSION ON SECURITY;ENERGY;FOREIGN RELATIONS;SMALL BUSINESS,
40906,112,ARMED SERVICES;ENERGY;FOREIGN RELATIONS;SMALL BUSINESS,,S001181,ARMED SERVICES;COMMISSION ON SECURITY;ENERGY;FOREIGN RELATIONS;SMALL BUSINESS,
40908,115,APPROPRIATIONS;BUDGET;ENVIRONMENT;FOREIGN RELATIONS,,M001176,APPROPRIATIONS;BANKING;BUDGET;ENVIRONMENT;FOREIGN RELATIONS,
40909,114,BANKING;BUDGET;FINANCE;INTELLIGENCE;RULES,,W000805,BANKING;BUDGET;FINANCE;INTELLIGENCE;PRINTING;RULES,
40910,113,AGRICULTURE;FINANCE;HEALTH,,B001267,AGING;AGRICULTURE;BANKING;FINANCE;HEALTH,
40915,115,APPROPRIATIONS;ENERGY;INTELLIGENCE;VETERANS,,M001183,APPROPRIATIONS;ARMED SERVICES;COMMERCE;ENERGY;INTELLIGENCE;VETERANS,
41101,113,AGING;ARMED SERVICES;COMMERCE;JUDICIARY;VETERANS,,B001277,AGING;ARMED SERVICES;COMMERCE;COMMISSION ON SECURITY;HEALTH;JUDICIARY;VETERANS,
41101,112,AGING;ARMED SERVICES;HEALTH;JUDICIARY,,B001277,AGING;ARMED SERVICES;COMMISSION ON SECURITY;HEALTH;JUDICIARY,
41102,115,AGING;APPROPRIATIONS;FOREIGN RELATIONS;INTELLIGENCE;SMALL BUSINESS,,R000595,AGING;APPROPRIATIONS;COMMERCE;COMMISSION ON SECURITY;FOREIGN RELATIONS;INTELLIGENCE;SMALL BUSINESS,
41102,113,COMMERCE;FOREIGN RELATIONS;INTELLIGENCE;SMALL BUSINESS,,R000595,COMMERCE;COMMISSION ON SECURITY;FOREIGN RELATIONS;INTELLIGENCE;SMALL BUSINESS,
41104,113,FOREIGN RELATIONS;HEALTH;HOMELAND SECURITY;SMALL BUSINESS,,P000603,ENERGY;FOREIGN RELATIONS;HEALTH;HOMELAND SECURITY;SMALL BUSINESS,
41106,113,AGING;ARMED SERVICES;BUDGET;COMMERCE;HOMELAND SECURITY,,A000368,AGING;ARMED SERVICES;BUDGET;COMMERCE;COMMISSION ON SECURITY;HOMELAND SECURITY;SMALL BUSINESS,
41106,112,AGING;ARMED SERVICES;BUDGET;COMMERCE;SMALL BUSINESS,,A000368,ARMED SERVICES;BUDGET;COMMERCE;SMALL BUSINESS,
41110,115,COMMERCE;ECONOMIC;ENERGY;JUDICIARY,,L000577,ARMED SERVICES;COMMERCE;ECONOMIC;ENERGY;JUDICIARY,Vice Chairman
41110,113,ARMED SERVICES;ECONOMIC;ENERGY;JUDICIARY,,L000577,ARMED SERVICES;ECONOMIC;ENERGY;FOREIGN RELATIONS;JUDICIARY,
41111,113,BUDGET;COMMERCE;FOREIGN RELATIONS;SMALL BUSINESS,,J000293,AGING;APPROPRIATIONS;BUDGET;COMMERCE;FOREIGN RELATIONS;HOMELAND SECURITY;SMALL BUSINESS,
41111,112,AGING;APPROPRIATIONS;BUDGET,,J000293,AGING;APPROPRIATIONS;BUDGET;HOMELAND SECURITY,
41301,115,AGING;ARMED SERVICES;BANKING;HEALTH,,W000817,AGING;ARMED SERVICES;BANKING;ENERGY;HEALTH,
41302,115,AGING;ARMED SERVICES;COMMERCE;ENVIRONMENT;RULES,,F000463,AGING;AGRICULTURE;ARMED SERVICES;COMMERCE;ENVIRONMENT;RULES;SMALL BUSINESS,
41303,115,AGRICULTURE;BANKING;HOMELAND SECURITY;INDIAN;SMALL BUSINESS,,H001069,AGRICULTURE;BANKING;HOMELAND SECURITY;INDIAN;SMALL BUSINESS;UNITED STATES SENATE CAUCUS ON INTERNATIONAL NARCOTICS CONTROL,
41305,115,ARMED SERVICES;BUDGET;FOREIGN RELATIONS;HEALTH,,K000384,AGING;ARMED SERVICES;BUDGET;FOREIGN RELATIONS;HEALTH,
41308,115,COMMERCE;ENVIRONMENT;SMALL BUSINESS,,B001288,COMMERCE;ENVIRONMENT;FOREIGN RELATIONS;HOMELAND SECURITY;JUDICIARY;SMALL BUSINESS,
41308,114,COMMERCE;ENVIRONMENT;SMALL BUSINESS,,B001288,COMMERCE;ENVIRONMENT;HOMELAND SECURITY;SMALL BUSINESS,
41501,115,AGRICULTURE;ARMED SERVICES;BUDGET,,P000612,AGING;AGRICULTURE;ARMED SERVICES;BANKING;BUDGET;FOREIGN RELATIONS;JUDICIARY,
41502,115,AGRICULTURE;ARMED SERVICES;ENVIRONMENT;SMALL BUSINESS,,E000295,AGRICULTURE;ARMED SERVICES;ENVIRONMENT;HOMELAND SECURITY;SMALL BUSINESS,
41503,115,ARMED SERVICES;BANKING;ECONOMIC;JUDICIARY,,S001197,AGING;AGRICULTURE;ARMED SERVICES;BANKING;ECONOMIC;HOMELAND SECURITY;JUDICIARY,
41504,115,AGING;ARMED SERVICES;BANKING;JUDICIARY;VETERANS,,T000476,AGING;AGRICULTURE;ARMED SERVICES;BANKING;COMMISSION ON SECURITY;JUDICIARY;VETERANS,
41505,115,ARMED SERVICES;BANKING;ENVIRONMENT;VETERANS,,R000605,ARMED SERVICES;BANKING;ENVIRONMENT;SMALL BUSINESS;VETERANS,
41701,115,BUDGET;ENVIRONMENT;HOMELAND SECURITY;INTELLIGENCE,,H001075,BUDGET;ENVIRONMENT;HOMELAND SECURITY;INTELLIGENCE;JUDICIARY,
49300,115,APPROPRIATIONS;INTELLIGENCE;JUDICIARY;RULES,Ranking Minority,F000062,APPROPRIATIONS;INTELLIGENCE;JUDICIARY;RULES;UNITED STATES SENATE CAUCUS ON INTERNATIONAL NARCOTICS CONTROL,Vice Chairman;Ranking Member
49300,114,APPROPRIATIONS;INTELLIGENCE;JUDICIARY;RULES,,F000062,APPROPRIATIONS;INTELLIGENCE;JUDICIARY;RULES;UNITED STATES SENATE CAUCUS ON INTERNATIONAL NARCOTICS CONTROL,Vice Chairman
49300,113,APPROPRIATIONS;INTELLIGENCE;JUDICIARY;RULES,Chair,F000062,APPROPRIATIONS;INTELLIGENCE;JUDICIARY;RULES;UNITED STATES SENATE CAUCUS ON INTERNATIONAL NARCOTICS CONTROL,Chairman
49300,112,APPROPRIATIONS;INTELLIGENCE;JUDICIARY;RULES,Chair,F000062,APPROPRIATIONS;INTELLIGENCE;JUDICIARY;RULES;UNITED STATES SENATE CAUCUS ON INTERNATIONAL NARCOTICS CONTROL,Chairman
49308,113,APPROPRIATIONS;BUDGET;HEALTH;RULES;VETERANS,Chair,M001111,APPROPRIATIONS;BUDGET;HEALTH;PRINTING;RULES;VETERANS,Chairman
49700,115,AGRICULTURE;ARMED SERVICES;BUDGET;ENERGY;ENVIRONMENT,,S001141,AGRICULTURE;ARMED SERVICES;BUDGET;ENERGY;ENVIRONMENT;JUDICIARY;UNITED STATES SENATE CAUCUS ON INTERNATIONAL NARCOTICS CONTROL,
49700,114,ARMED SERVICES;BUDGET;JUDICIARY,,S001141,ARMED SERVICES;BUDGET;ENVIRONMENT;JUDICIARY;UNITED STATES SENATE CAUCUS ON INTERNATIONAL NARCOTICS CONTROL,
49703,113,AGING;APPROPRIATIONS;INTELLIGENCE,Ranking Minority,C001035,AGING;APPROPRIATIONS;ARMED SERVICES;HOMELAND SECURITY;INTELLIGENCE,Ranking Member
49706,112,BUDGET;HEALTH;SMALL BUSINESS,Ranking Minority,E000285,BUDGET;FINANCE;HEALTH;SMALL BUSINESS,Ranking Member
94659,115,APPROPRIATIONS;BANKING;ENVIRONMENT;RULES,Chair,S000320,APPROPRIATIONS;BANKING;ENVIRONMENT;LIBRARY;PRINTING;RULES,Chairman;Vice Chairman
94659,114,APPROPRIATIONS;BANKING;LIBRARY;PRINTING;RULES,Chair,S000320,APPROPRIATIONS;BANKING;RULES,Chairman
94659,113,APPROPRIATIONS;BANKING;RULES,Ranking Minority,S000320,AGING;APPROPRIATIONS;BANKING;RULES,Ranking Member
NA,115,NATURAL RESOURCES;SMALL BUSINESS;VETERANS,,A000373,AGRICULTURE;ARMED SERVICES,
NA,115,NATURAL RESOURCES;SMALL BUSINESS;VETERANS,,B001245,ARMED SERVICES;NATURAL RESOURCES,
NA,115,NATURAL RESOURCES;SMALL BUSINESS;VETERANS,,C001102,FOREIGN;HOMELAND SECURITY,
NA,115,NATURAL RESOURCES;SMALL BUSINESS;VETERANS,,G000575,AGRICULTURE;ARMED SERVICES,
NA,115,NATURAL RESOURCES;SMALL BUSINESS;VETERANS,,H001070,NATURAL RESOURCES;SMALL BUSINESS;TRANSPORTATION,
NA,115,NATURAL RESOURCES;SMALL BUSINESS;VETERANS,,J000296,APPROPRIATIONS,
NA,115,NATURAL RESOURCES;SMALL BUSINESS;VETERANS,,N000147,OVERSIGHT;TRANSPORTATION,
NA,115,NATURAL RESOURCES;SMALL BUSINESS;VETERANS,,P000596,JUDICIARY;NATURAL RESOURCES,
NA,115,NATURAL RESOURCES;SMALL BUSINESS;VETERANS,,P000610,AGRICULTURE;OVERSIGHT;TRANSPORTATION,
NA,115,NATURAL RESOURCES;SMALL BUSINESS;VETERANS,,S001177,EDUCATION;NATURAL RESOURCES;VETERANS,
NA,112,SCIENCE;VETERANS,NA,B001245,ARMED SERVICES;NATURAL RESOURCES,
NA,112,SCIENCE;VETERANS,NA,C000380,ENERGY,
NA,112,SCIENCE;VETERANS,NA,F000010,FOREIGN;NATURAL RESOURCES,
NA,112,SCIENCE;VETERANS,NA,N000147,OVERSIGHT;TRANSPORTATION,
NA,112,SCIENCE;VETERANS,NA,P000596,ETHICS;JUDICIARY;NATURAL RESOURCES,
NA,112,SCIENCE;VETERANS,NA,S001177,AGRICULTURE;NATURAL RESOURCES,
